,episode_id,number,timestamp_in_ms,raw_character_text,raw_location_text,spoken_words
133471,514,2,69000,Baseball Announcer,BASEBALL STADIUM,"It's the World Series, two outs, bottom of the ninth. Yes, we're at the point where baseball becomes mildly interesting."
133472,514,3,76000,Baseball Announcer,BASEBALL STADIUM,"Can Homer Simpson, fresh off an anxiety dream about not studying for a high school test, come into this dream and knock one out of the park?"
133473,514,4,84000,Baseball Announcer,BASEBALL STADIUM,And who'da thunk it? We're food too!
133474,514,5,88000,Baseball Announcer,BASEBALL STADIUM,And apparently I'm married to a pork chop and have drumstick children. How did that happen?
133475,514,6,97000,Baseball Announcer,BASEBALL STADIUM,We're back...
133477,514,8,97000,Baseball Announcer,BASEBALL STADIUM,"The pitcher, Steroid Santa Claus...kicks and deals. It's a long fly ball! Going back! Back!"
133478,514,9,106000,Baseball Announcer,BASEBALL STADIUM,"And the ball shatters the sky, bringing the ocean itself down into the stadium! Simpson just broke this dream's reality wide open!"
133479,514,10,115000,Baseball Announcer,BASEBALL STADIUM,"The groundskeepers are trying to put on the tarp, but it turned into a manta ray and stung 'em all. Now we'll be right back after this word from oxygen, which Homer desperately needs to live."
133481,514,12,132000,Marge Simpson,BASEBALL STADIUM,Homer! The roof is leaking!
133483,514,14,134000,Marge Simpson,Simpson Home,"Water's coming in the house, and we've got carpet mushrooms!"
133484,514,15,141000,Bart Simpson,Simpson Home,"Dad, all the jury summons you buried in the back yard are coming back up!"
133487,514,18,151000,Marge Simpson,KITCHEN,"While you were out there daydreaming, this rain has ruined the house."
133488,514,19,157000,Homer Simpson,KITCHEN,"Marge, in a crisis like this, I need time for quiet contemplation."
133491,514,22,167000,Moe Szyslak,Moe's Tavern,"What's wrong, Homer? You've got an expression on your face I ain't never seen before. Like one of them Charlie Brown wiggle-frowns."
133492,514,23,173000,Homer Simpson,Moe's Tavern,"I'm in an abusive relationship with life. It keeps beating the hell out of me, and I'm too cowardly to leave it. Maybe I could drink myself to death."
133493,514,24,184000,Moe Szyslak,Moe's Tavern,"Eh, well, you can't. Your tolerance is too high."
133494,514,25,188000,Dejected Barfly,Moe's Tavern,"Man, I've never seen Homer looking this bad."
133495,514,26,194000,Moe Szyslak,Moe's Tavern,You're right. He needs some professional help...
133496,514,27,201000,Duffman,Moe's Tavern,"Ooh, someone is down in the Duff!"
133497,514,28,205000,Homer Simpson,Moe's Tavern,"Life is too fragile. One minute you're lying in your hammock drinkin' beer, the next thing you know you're sittin' here drinkin' beer."
133498,514,29,214000,Duffman,Moe's Tavern,"Homer, your bleak outlook has sent a smooth, icy chill down... Screw it, I quit."
133499,514,30,220000,Duffman,Moe's Tavern,"Janette, Cheryl, get your own ride home."
133500,514,31,226000,Homer Simpson,Moe's Tavern,"Aw, come on Chief, I've had a rotten day. Can't you help me out?"
133501,514,32,231000,Chief Wiggum,Moe's Tavern,"Sorry, I'm afraid the most I can do is pretend to drive you home. Okay, now hop on my imaginary motorcycle... arms around my belly..."
133502,514,33,242000,Chief Wiggum,Moe's Tavern,"...um, I'm gonna need you to chip in for gas..."
133504,514,35,246000,Chief Wiggum,Moe's Tavern,This is where the pretending ends.
133506,514,37,257000,Homer Simpson,Simpson Home,Now what?
133507,514,38,258000,Marge Simpson,Simpson Home,You're coming with us to the school fundraiser.
133508,514,39,260000,Homer Simpson,Simpson Home,Can this day get any worse?
133509,514,40,262000,Lisa Simpson,Simpson Home,The dog's got the mumps.
133510,514,41,264000,Homer Simpson,Simpson Home,Dogs can't get mumps.
133511,514,42,266000,Bart Simpson,Simpson Home,Then you explain that.
133512,514,43,267000,Marge Simpson,Simpson Home,The only thing we know is it'll cost eight hundred dollars.
133515,514,46,280000,Lisa Simpson,Springfield Elementary School,"Willie, I love your chaps."
133516,514,47,282000,Groundskeeper Willie,Springfield Elementary School,Me pants are ripped out!
133518,514,48,286000,Marge Simpson,Springfield Elementary School,I don't care for silent auctions. It just encourages hovering.
133521,514,51,303000,Rev. Timothy Lovejoy,Springfield Elementary School,"You know you just pushed it up to list price! You know that, right?"
133522,514,52,307000,Ned Flanders,Springfield Elementary School,"Edna, I'm not one for costumes, but I sure do like that feather in your hair."
133523,514,53,310000,Edna Krabappel-Flanders,Springfield Elementary School,I like how you make me feel good about the littlest things.
133524,514,54,316000,Seymour Skinner,Springfield Elementary School,"It's just you and me tonight, Buttermilk."
133525,514,55,319000,Seymour Skinner,Springfield Elementary School,"Whoa. Howdy, pardners, I'm much obliged to y'all for comin' out to the ol' corral here--"
133526,514,56,326000,Gary Chalmers,Springfield Elementary School,Skinner! People want to get home! Speak regular!
133527,514,57,329000,Seymour Skinner,Springfield Elementary School,"Fine, we'll start the raffle and skip the things no one wants, like art projects by your children."
133528,514,58,329000,Seymour Skinner,Springfield Elementary School,Or a spaghetti dinner...with the Van Houtens.
133529,514,59,337000,Seymour Skinner,Springfield Elementary School,So let's get right to the item I'm sure you're waiting for: the latest Mapple MyPad!
133531,514,61,343000,Kearney Zzyzwicz,Springfield Elementary School,I could do my cyber-bullying on the bus!
133532,514,62,346000,Moe Szyslak,Springfield Elementary School,Remember when me gettin' a cell phone was a big deal?
133533,514,63,348000,Lisa Simpson,Springfield Elementary School,"I bought you a ticket for the MyPad raffle, Dad."
133534,514,64,351000,Homer Simpson,Springfield Elementary School,"Aw, that's Tooth Fairy money down the drain, sweetie. I never win anything. It's always some stupid jerk you've never heard of."
133535,514,65,358000,Seymour Skinner,Springfield Elementary School,And the winner is...
133536,514,66,360000,Homer Simpson,Springfield Elementary School,Here it comes...
133537,514,67,362000,Seymour Skinner,Springfield Elementary School,...Homer Simpson!
133538,514,68,363000,Homer Simpson,Springfield Elementary School,"Get him! I mean, woo hoo!"
133540,514,70,367000,Homer Simpson,Springfield Elementary School,"I just want to say, I was having the worst day of my life."
133541,514,71,370000,Carl Carlson,Springfield Elementary School,"Three cheers for Homer, minus the one we gave him already!"
133543,514,73,375000,Homer Simpson,Springfield Elementary School,"Okay, what else... Free Tibet! You heard me! Free him now! Thank you. Oh, my luck has changed!"
133544,514,74,384000,Announcer,Springfield Elementary School,"This is Homer Simpson's thirteenth raffle and first win. Apparently, his luck has changed!"
133546,514,76,398000,Steve Mobbs,Simpson Home,"Greetings, I am Steve Mobbs, welcoming you from beyond the grave."
133547,514,77,403000,Homer Simpson,Simpson Home,I left a half-eaten apple outside your store... the greatest tribute of all.
133548,514,78,408000,Steve Mobbs,Simpson Home,"The product you hold is like a giant expensive smartphone that can't call anyone -- it's that incredible. Now press the submit icon, and agree to buy all our future products. And we're gonna be making a lot of stuff."
133549,514,79,424000,Steve Mobbs,Simpson Home,Submit. Submit.
133551,514,81,427000,Steve Mobbs,Simpson Home,Submit.
133552,514,82,427000,Homer Simpson,Simpson Home,I don't wanna.
133553,514,83,429000,Steve Mobbs,Simpson Home,Or you could buy something from Hewlett Packard.
133554,514,84,433000,Homer Simpson,Simpson Home,I submit! I submit!
133555,514,85,434000,Steve Mobbs,Simpson Home,Yes. Yes.
133557,514,87,441000,Marge Simpson,Simpson Home,That adult Etch-A-Sketch certainly has brightened your mood.
133558,514,88,445000,Homer Simpson,Simpson Home,Oh yeah!
133559,514,89,446000,Homer Simpson,Simpson Home,"You can look at it this way...or this way...whether you want to or not... and it's got awesome games like ""Tapped Out."""
133560,514,90,455000,Homer Simpson,Simpson Home,Virtual Stapler!
133561,514,91,455000,Homer Simpson,Simpson Home,"Sounds just like a stapler, and it never runs out... unless you tell it to. Here's one that gives ya a cool '70s moustache."
133562,514,92,464000,Homer Simpson,Simpson Home,I'm Sonny Bono. Watch out for that tree!
133564,514,94,469000,Homer Simpson,Simpson Home,"So, which do you prefer, m'lady? Tom Selleck, Rollie Fingers or Pringles Man?"
133565,514,95,474000,Marge Simpson,Simpson Home,I always thought the Pringles Man had the kindest eyes.
133567,514,97,482000,Marge Simpson,Simpson Home,Are you doing an app behind my back?
133568,514,98,484000,Steve Mobbs,Simpson Home,Submit... submit... sub--
133570,514,100,489000,Moe Szyslak,Moe's Tavern,"Here ya go, Homer. Boy, y'know, when you're just here alone, I can really smell ya."
133571,514,101,494000,Homer Simpson,Moe's Tavern,But I'm not alone. I'm doing some Face Time with Lenny.
133572,514,102,497000,Lenny Leonard,Moe's Tavern,It's like I'm skydiving with all my friends! Lemme text Carl.
133573,514,103,500000,Moe Szyslak,Moe's Tavern,"So, uh, what are you pullin' the ripcord with?"
133574,514,104,502000,Lenny Leonard,Moe's Tavern,Uh-oh. Maybe there's a ripcord app I can use.
133389,514,107,510000,Marge Simpson,Simpson Car,"Homer, pay attention!"
133426,514,108,512000,Homer Simpson,Simpson Car,Huh? What?
133578,514,110,515000,Marge Simpson,I.R.S. OFFICE,Put that down! We're being audited!
133579,514,111,517000,Homer Simpson,I.R.S. OFFICE,The old stupid moustache'll win him over.
133580,514,112,520000,Homer Simpson,I.R.S. OFFICE,I'm really stupid.
133581,514,113,522000,Auditor,I.R.S. OFFICE,Is that the MyPad you're claiming as a business expense?
133582,514,114,524000,Homer Simpson,I.R.S. OFFICE,I'm standing by that.
133585,514,117,529000,C. Montgomery Burns,Springfield Nuclear Power Plant,Simpson!
133586,514,118,534000,C. Montgomery Burns,Springfield Nuclear Power Plant,Unhand your Edison slate and bring your gold-brickery to a caesura!
133587,514,119,539000,Pleasant Voice,Springfield Nuclear Power Plant,Put down your MyPad and get back to work.
133588,514,120,543000,Homer Simpson,Springfield Nuclear Power Plant,"Sorry, boss."
133589,514,121,544000,Distinguished Elderly Voice,Springfield Nuclear Power Plant,Your remonstrances are a welcome boon and surely will redouble my diligence.
133590,514,122,549000,C. Montgomery Burns,Springfield Nuclear Power Plant,Excellent!
133591,514,123,549000,Pleasant Voice,Springfield Nuclear Power Plant,Awesome!
133592,514,124,551000,Homer Simpson,Springfield Nuclear Power Plant,Woo hoo!
133593,514,125,551000,Distinguished Elderly Voice,Springfield Nuclear Power Plant,Pip pip!
133595,514,127,555000,Bart Simpson,Springfield Zoo,Hey Dad!
133596,514,128,555000,Lisa Simpson,Springfield Zoo,"Dad, check this out!"
133597,514,129,557000,Bart Simpson,Springfield Zoo,"Dad, over here!"
133598,514,130,557000,Lisa Simpson,Springfield Zoo,"Dad, a mother giraffe is giving birth!"
133599,514,131,560000,Bart Simpson,Springfield Zoo,"Dad, look, I'm walking on the wall around the lion pit!"
133600,514,132,562000,Lisa Simpson,Springfield Zoo,"Dad, the baby giraffe is taking its first steps!"
133601,514,133,564000,Bart Simpson,Springfield Zoo,"Dad, I'm walking on my hands, and the lions think they're gonna eat me!"
133602,514,134,567000,Homer Simpson,Springfield Zoo,"Will you kids pipe down! I'm trying to get ""Churro-Chaser"" to tell me where the freshest churros are. What country is Mexico in?"
133603,514,135,573000,Lisa Simpson,Springfield Zoo,"Dad, pay attention to your children!"
133604,514,136,576000,Homer Simpson,Springfield Zoo,Okay.
133605,514,137,579000,Homer Simpson,Springfield Zoo,Aww. That'll be my screensaver.
133607,514,139,585000,Bart Simpson,Springfield Zoo,Just my arm.
133609,514,141,588000,Bart Simpson,Springfield Zoo,Gotcha!
133610,514,142,589000,Homer Simpson,Springfield Zoo,Why you little...
133613,514,145,589000,Marge Simpson,Simpson Home,"Homie, you want to read to Maggie before she goes to sleep?"
133615,514,146,605000,Homer Simpson,Simpson Home,"A paper-based read-a-majig? What are we, cavemen?"
133617,514,148,615000,Homer Simpson,Simpson Home,"Sweetie, in the future all you'll need is this."
133618,514,149,617000,Marge Simpson,Simpson Home,Homie... it looks like you're putting all your eggs in one basket.
133619,514,150,621000,Homer Simpson,Simpson Home,What would you have me do? One basket for each egg?
133620,514,151,624000,Marge Simpson,Simpson Home,"Hm, I guess you're right. I guess I'll have to scratch that off the list of things I say."
133621,514,152,629000,Homer Simpson,Simpson Home,"Now, Maggie let's find a good game for us. Hm, ""Krusty's Kosher Karnival""...""Words With Enemies""...""Don't Burn the Toast!"", ""Lenny Dykstra's Prison Break,"" ooh, ""Pizza Clock""!"
133622,514,153,631000,Homer Simpson,Simpson Home,"Dough, sauce, cheese, topping. Dough, sauce, cheese, topping. Dough, sauce, cheese, topping! Having fun, Maggie?"
133623,514,154,647000,Homer Simpson,Simpson Home,How long have I been playing?
133624,514,155,649000,Homer Simpson,Simpson Home,"Dough, sauce, cheese, topping."
133625,514,156,651000,Luigi,Simpson Home,"So, that's how you make a pizza! Oh, we have really been off-a the mark."
133627,514,158,658000,Homer Simpson,Street,"Dough, sauce, cheese, topping. Dough, sauce, cheese, topping."
133628,514,159,661000,Homer Simpson,Street,"Dohhh! Sauce, cheese, topping!"
133629,514,160,670000,Homer Simpson,Street,Flushy! Go get help!
133631,514,162,676000,Dr. Julius Hibbert,Springfield General Hospital,"Homer, you're gonna be fine. But there's no hope for the MyPad."
133632,514,163,681000,Homer Simpson,Springfield General Hospital,It still had eighty-eight percent of its charge!
133633,514,164,685000,Dr. Julius Hibbert,Springfield General Hospital,This is the part of the job I hate most. Talking to crazy people.
133634,514,165,695000,Homer Simpson,Springfield General Hospital,Which of you is the YouTube of the kid high on dentist's gas? Is it you? Is it you? Is it you?
133635,514,166,706000,Homer Simpson,Springfield General Hospital,"Oh Lord, when things looked darkest, you gave me light. Then you switched it off knowing full well I had declined thy infernal Mapple Care. Please grant me the wisdom to understand your capricious, nasty mind. And please, please make the next swing of the yo-yo an up, amen."
133636,514,167,723000,Lisa Simpson,Springfield General Hospital,Amen.
133638,514,169,731000,Homer Simpson,Simpson Home,Everybody hear that?
133639,514,170,733000,Ned Flanders,Simpson Home,Homer! Homer! It's a miracle!
133640,514,171,734000,Homer Simpson,Simpson Home,"Keep your pants on, Flanders."
133642,514,172,737000,Ned Flanders,Simpson Home,"Oh, I will! Till I go to bed and take 'em off under the covers! But come outside and see the miracle!"
133643,514,173,742000,Homer Simpson,Simpson Home,Has the MyPad risen?
133644,514,174,743000,Ned Flanders,Simpson Home,"No, it's still where you buried it."
133645,514,175,747000,Ned Flanders,Simpson Home,Here it is. The Holy Ooze.
133646,514,176,750000,Homer Simpson,Simpson Home,"This is your miracle? A tree? Ooh, look at me. I turn sunlight into complex sugars. Big whoop."
133647,514,177,757000,Ned Flanders,Simpson Home,Look a little closer.
133648,514,178,758000,Homer Simpson,Simpson Home,"Huh. ""Hope."" Is this one of those coincidences like Jesus on a tortilla or George Washington on a dollar bill?"
133649,514,179,766000,Marge Simpson,Simpson Home,Well... I like that its message is in sap and not in blood... like some miracles I could mention. Passover.
133650,514,180,773000,Homer Simpson,Simpson Home,"Well, this is how God would send me a message. In my back yard, hammock adjacent, in one short word in large print. What do you think he's trying to tell me, Flanders?"
133651,514,181,782000,Ned Flanders,Simpson Home,"Well, sir, if you ask me, somebody up there is trying to tell you that whatever flat tires you've got in your life, God's there, with His little spare, that enables you to drive real slow till you get to the next station."
133652,514,182,793000,Ned Flanders,Simpson Home,Don't eat the miracle!
133653,514,183,795000,Homer Simpson,Simpson Home,Fine. I'll just go eat the body of God. That's not crazy.
133655,514,185,802000,Moe Szyslak,Moe's Tavern,"Huh. Looks like you're really turning somethin' over in your mind there, Homer."
133656,514,186,806000,Homer Simpson,Moe's Tavern,"Moe, I could believe this was a random occurrence, or I could believe some higher power reached down and squeezed the sap outta that tree. I'm choosin' hope! Moe, a bottle of your finest beer!"
133657,514,187,817000,Moe Szyslak,Moe's Tavern,Here you go. Duff Adequate.
133658,514,188,819000,Homer Simpson,Moe's Tavern,To hope!
133659,514,189,822000,Moe Szyslak,Moe's Tavern,"Wow, no one's ever been happy in this place before. And when I started it was Moe's Ice Cream Carnival. Not good."
133662,514,192,829000,Rev. Timothy Lovejoy,First Church of Springfield,"Of all the gifts the Lord gives us, perhaps the greatest is hope..."
133663,514,193,835000,Homer Simpson,First Church of Springfield,"Uh, excuse me, Reverend, but I'm here to talk about something a little more important: hope."
133664,514,194,842000,Rev. Timothy Lovejoy,First Church of Springfield,"But I was just... oh, fine. I can get an early start on mountain biking."
133666,514,195,847000,Homer Simpson,First Church of Springfield,"Hope is here, people, and it's real. It's not just inside the house of God, it's outside the house of me! So come and see the sticky brown truth!"
133667,514,196,866000,Homer Simpson,First Church of Springfield,Hope is all around me!
133669,514,198,874000,Homer Simpson,Simpson Home,As promised: the miracle!
133670,514,199,881000,Apu Nahasapeemapetilon,Simpson Home,"Really? ""Other."""
133671,514,200,883000,Brandine Del Roy,Simpson Home,Cletus! What does that tree say?
133672,514,201,885000,Cletus Spuckler,Simpson Home,"Now, now, let's spell it out like that social worker taught us."
133673,514,202,889000,Cletus Spuckler,Simpson Home,"Huckleberry, Overbite, Picklefoot, Edumacation. Oh! It says ""hope""!"
133674,514,203,895000,Brandine Del Roy,Simpson Home,"Just like in ""Hope Floats,"" that Sandra Bullock movie I wrote."
133675,514,204,902000,Kent Brockman,Simpson Home,This is newsman Kent Brockman vowing I will debunk this so-called miracle. The idiotic things people believe in. Now! Stay tuned for your lucky Lotto numbers! It's your turn for sure!
133678,514,207,922000,Kent Brockman,Moe's Tavern,A hundred dollar bill for anyone who will give me the truth behind this so-called miracle tree.
133679,514,208,928000,Moe Szyslak,Moe's Tavern,I'll take your money. The tree's a fraud.
133680,514,209,931000,Moe Szyslak,Moe's Tavern,"I just got a hundred! The tree is real! What you got against hope, anyway?"
133681,514,210,936000,Barney Gumble,Moe's Tavern,I bet something disillusioned you as a child.
133682,514,211,945000,7-Year-Old Brockman,Moe's Tavern,This is junior reporter Kenny Brockelstein investigating the stories that kids want to know...
133683,514,212,954000,7-Year-Old Brockman,Moe's Tavern,"Mr. Mouse, how come you haven't been in any funny cartoons since nineteen thirty-three?"
133684,514,213,962000,Short Man,Moe's Tavern,"I'm on a break, kid. And when I'm on a break, the mouse is dead."
133685,514,214,967000,Kent Brockman,Moe's Tavern,"The mouse was a man. His teeth were yellow, his breath was rancid, my innocence was lost in a plywood castle."
133686,514,215,972000,Barney Gumble,Moe's Tavern,The castle is plywood?
133688,514,217,977000,Upbeat Announcer,Simpson Home,Bumblebee Man is moving to Channel Six!
133689,514,218,980000,Bumblebee Man,Simpson Home,"Adios, ocho! You no pay!"
133690,514,219,983000,Krusty the Clown,Simpson Home,"Uh-oh, he's got his own chimp!"
133691,514,220,986000,Bumblebee Man,Simpson Home,Se√±or Chango!
133692,514,221,987000,Krusty the Clown,Simpson Home,"Teeny's a girl?! Oh, wait. He's just a bottom."
133694,514,222,992000,Kent Brockman,Simpson Home,"This is Kent Brockman at the site of the so-called ""Springfield Miracle."""
133695,514,223,998000,Kent Brockman,Simpson Home,Is the hope tree a miracle? Most decidedly not.
133696,514,224,1002000,Kent Brockman,Simpson Home,"Flying the Channel Six traffic copter without official clearance and below legal levels, we obtained the following footage:"
133697,514,225,1007000,Kent Brockman,Simpson Home,"As you can see here, a shadowy figure emerges from the darkness and walks up to the tree in the Simpsons' backyard... if we freeze and zoom in on the image, we clearly see the figure holding a syrup bottle, with which he writes the word ""hope."""
133698,514,226,1007000,Kent Brockman,Simpson Home,"Supermarket maple syrup. It was no miraculous tree of God... and there is no hope on Evergreen Terrace, just a run-of-the-mill syrup-spraying mystery man. We can add this to the list of... Kent's Closed Cases."
133699,514,227,1039000,Kent Brockman,Simpson Home,Would you please get the segments straight?
133700,514,228,1041000,Kent Brockman,Simpson Home,Just lose the graphic.
133703,514,231,1045000,Man With Tree Hat,Moe's Tavern,It was all a hoax!
133704,514,232,1046000,Tree Hoper,Moe's Tavern,Let's burn our hats!
133705,514,233,1049000,Crowd,Moe's Tavern,Hope is dead! Burn our hats!
133706,514,234,1051000,Moe Szyslak,Moe's Tavern,Thank God there's no alcohol in this bar or this place would really go up.
133708,514,236,1056000,Marge Simpson,Evergreen Terrace,Homie? Aren't you going to come in?
133709,514,237,1060000,Homer Simpson,Evergreen Terrace,I don't know what to believe anymore. Maybe it's time to call Satan. Is that a two-one-two?
133710,514,238,1065000,Marge Simpson,Evergreen Terrace,"Don't call Satan! So what if the message wasn't a miracle? The answer isn't in syrup from God or a computer tablet, the answer is that the hope you felt was real."
133711,514,239,1078000,Homer Simpson,Evergreen Terrace,"Marge, up to now I thought your hair was blue cotton candy, but now I know it's a solid loaf of brain."
133712,514,240,1086000,Marge Simpson,Evergreen Terrace,"Homie, you have such a way with foods. Let's go inside."
133713,514,241,1091000,Homer Simpson,Evergreen Terrace,Who do you think painted the word on the tree?
133714,514,242,1093000,Marge Simpson,Evergreen Terrace,No idea. The important thing is that they did.
133715,514,243,1096000,Homer Simpson,Evergreen Terrace,Guess it must've been the person who knew I needed hope most of all.
133718,514,246,1103000,Steve Mobbs,Simpson Home,"You know, we've got a new version of that tablet."
133693,514,247,1115000,God,Simpson Home,But I just got this three months ago!
133719,514,248,1118000,Steve Mobbs,Simpson Home,"Yeah, that's the kind of thing I do. And yet I still wound up here. As your boss."
133720,514,249,1123000,God,Simpson Home,Can I get Christmas off? It's my kid's birthday.
133721,514,250,1240000,Steve Mobbs,Simpson Home,No.
